{".env":[".env"],".env.dev":[".env.dev"],".env.local":[".env.local"],"assets/.DS_Store":["assets/.DS_Store"],"assets/bin/codesign_entitlement.entitlements":["assets/bin/codesign_entitlement.entitlements"],"assets/bin/dgh_file_extractor_v020":["assets/bin/dgh_file_extractor_v020"],"assets/bin/mcumgr_amd64":["assets/bin/mcumgr_amd64"],"assets/bin/mcumgr_arm64":["assets/bin/mcumgr_arm64"],"assets/icons/CodeUpdateIcon.svg":["assets/icons/CodeUpdateIcon.svg"],"assets/icons/DeployedCodeHistoryIcon.svg":["assets/icons/DeployedCodeHistoryIcon.svg"],"assets/icons/DeviceResetIcon.svg":["assets/icons/DeviceResetIcon.svg"],"assets/icons/PackageIcon.svg":["assets/icons/PackageIcon.svg"],"assets/icons/RestorePageIcon.svg":["assets/icons/RestorePageIcon.svg"],"assets/icons/device24.png":["assets/icons/device24.png"],"assets/icons/device48.jpg":["assets/icons/device48.jpg"],"assets/icons/dige.png":["assets/icons/dige.png"],"assets/icons/dige1024.png":["assets/icons/dige1024.png"],"assets/icons/dige512.png":["assets/icons/dige512.png"],"assets/icons/file24.png":["assets/icons/file24.png"],"assets/icons/file36.png":["assets/icons/file36.png"],"assets/icons/zip24.png":["assets/icons/zip24.png"],"assets/icons/zip36.png":["assets/icons/zip36.png"],"assets/images/DigeDevice.png":["assets/images/DigeDevice.png"],"assets/images/DigeDevice2.png":["assets/images/DigeDevice2.png"],"assets/images/appstore.png":["assets/images/appstore.png"],"assets/images/dige.png":["assets/images/dige.png"],"assets/images/digeLogo.png":["assets/images/digeLogo.png"],"assets/images/playstore.png":["assets/images/playstore.png"],"lib/l10n/l10n/intl_messages.arb":["lib/l10n/l10n/intl_messages.arb"],"lib/l10n/l10n/intl_messages_de-CH.arb":["lib/l10n/l10n/intl_messages_de-CH.arb"],"lib/l10n/l10n/intl_messages_en-AU.arb":["lib/l10n/l10n/intl_messages_en-AU.arb"],"lib/l10n/l10n/intl_messages_fr-CH.arb":["lib/l10n/l10n/intl_messages_fr-CH.arb"],"lib/l10n/l10n/messages_all.dart":["lib/l10n/l10n/messages_all.dart"],"lib/l10n/l10n/messages_de-CH.dart":["lib/l10n/l10n/messages_de-CH.dart"],"lib/l10n/l10n/messages_en-AU.dart":["lib/l10n/l10n/messages_en-AU.dart"],"lib/l10n/l10n/messages_fr-CH.dart":["lib/l10n/l10n/messages_fr-CH.dart"],"packages/aad_oauth/assets/msalv2.js":["packages/aad_oauth/assets/msalv2.js"],"packages/cupertino_icons/assets/CupertinoIcons.ttf":["packages/cupertino_icons/assets/CupertinoIcons.ttf"],"packages/material_symbols_icons/lib/fonts/MaterialSymbolsOutlined.ttf":["packages/material_symbols_icons/lib/fonts/MaterialSymbolsOutlined.ttf"],"packages/material_symbols_icons/lib/fonts/MaterialSymbolsRounded.ttf":["packages/material_symbols_icons/lib/fonts/MaterialSymbolsRounded.ttf"],"packages/material_symbols_icons/lib/fonts/MaterialSymbolsSharp.ttf":["packages/material_symbols_icons/lib/fonts/MaterialSymbolsSharp.ttf"],"packages/wakelock_plus/assets/no_sleep.js":["packages/wakelock_plus/assets/no_sleep.js"]}